{"cameraMode":{"drawMode":0,"name":"Shaded","section":"Shading Mode"},"sceneLighting":false,"audioPlay":false,"sceneViewState":{"showFog":true,"showMaterialUpdate":false,"showSkybox":false,"showFlares":true,"showImageEffects":true,"showParticleSystems":true},"in2DMode":false,"pivot":{"x":-2.0407938957214357,"y":18.89830780029297,"z":-0.8359165191650391},"rotation":{"x":-0.22615529596805573,"y":0.26543235778808596,"z":-0.06419871002435684,"w":-0.935039222240448},"size":39.15057373046875,"orthographic":false}